{"cameraMode":{"drawMode":0,"name":"Shaded","section":"Shading Mode"},"sceneLighting":false,"audioPlay":false,"sceneViewState":{"showFog":true,"showMaterialUpdate":false,"showSkybox":true,"showFlares":true,"showImageEffects":true,"showParticleSystems":true},"in2DMode":false,"pivot":{"x":776.3302001953125,"y":103.89690399169922,"z":0.0},"rotation":{"x":-0.013806967064738274,"y":-0.018900442868471147,"z":0.00026104983408004045,"w":-0.9997259974479675},"size":198.27316284179688,"orthographic":false}