{"cameraMode":{"drawMode":0,"name":"Shaded","section":"Shading Mode"},"sceneLighting":false,"audioPlay":false,"sceneViewState":{"showFog":true,"showMaterialUpdate":false,"showSkybox":true,"showFlares":true,"showImageEffects":true,"showParticleSystems":true},"in2DMode":false,"pivot":{"x":156.7615966796875,"y":72.678466796875,"z":162.763671875},"rotation":{"x":-0.11760324984788895,"y":0.8772611021995544,"z":-0.274553120136261,"w":-0.37576985359191897},"size":2433.32666015625,"orthographic":false}