{"cameraMode":{"drawMode":0,"name":"Shaded","section":"Shading Mode"},"sceneLighting":false,"audioPlay":false,"sceneViewState":{"showFog":true,"showMaterialUpdate":false,"showSkybox":true,"showFlares":true,"showImageEffects":true,"showParticleSystems":true},"in2DMode":false,"pivot":{"x":550.074951171875,"y":306.46002197265627,"z":0.0},"rotation":{"x":-0.01530334260314703,"y":-0.027895934879779817,"z":0.0004272100341040641,"w":-0.9994936585426331},"size":1458.21533203125,"orthographic":false}