{"cameraMode":{"drawMode":0,"name":"Shaded","section":"Shading Mode"},"sceneLighting":false,"audioPlay":false,"sceneViewState":{"showFog":true,"showMaterialUpdate":false,"showSkybox":true,"showFlares":true,"showImageEffects":true,"showParticleSystems":true},"in2DMode":false,"pivot":{"x":891.4580688476563,"y":467.6473388671875,"z":0.0},"rotation":{"x":-0.013806967064738274,"y":-0.018900442868471147,"z":0.00026104983408004045,"w":-0.9997259974479675},"size":699.7446899414063,"orthographic":false}